"","term","matches"
"1","Data Science",73
"2","Data Analysis",15
"3","UX",1
"4","Statistics",29
"5","Cloud Computing",4
"6","Insights",10
"7","Computer Science",7
"8","Survey Data",1
"9","Algorithms",4
"10","Unstructured Data",2
"11","Domain Knowledge",3
"12","Mathematics",3
"13","Data-Driven",3
"14","Statistical Knowledge",1
"15","Data Visualization",3
"16","Machine Learning",8
"17","C",8
"18","Classification",3
"19","Data Mining",4
"20","Statistical Learning",3
"21","Data Collection",1
"22","Big Data",13
"23","Exploratory Data Analysis",2
"24","Data Management",2
"25","Data Cleaning",1
"26","Predictive Models",3
"27","Models",2
"28","Data-Driven Decisions",1
"29","Statistical Analysis",2
"30","Data Preprocessing",1
"31","Feature Engineering",1
"32","Model Selection",1
"33","Implementation",1
"34","Analytical Techniques",1
"35","Analytical",1
"36","Large Datasets",2
"37","Non-Technical Audiences",1
"38","Critical Thinking",1
"39","Data-Driven Decision-Making",1
"40","Data Analytics",1
"41","Cloud Services",1
"42","Python",1
"43","R",2
"44","Data Engineering",1
"45","HTML",4
"46","Statistical Modeling",1
"47","Causal Inference",1
"48","Collaboration",1
"49","Signal Processing",1
"50","Spark",1
"51","Spark SQL",1
"52","Data Ethics",1
"53","ETL",1
"54","ELT",1
"55","Developers",1
